seed_key,manufacturer_seed_key,sensor_seed_key,guide_sensor_seed_key,connector_size_seed_key,model_name,cooled,cooling_delta_c,back_focus_mm,weight_g,tilt_adapter,has_usb_hub,usb_hub_interface_seed_key,unity_gain,effective_full_well_ke,effective_read_noise_low_gain_e,effective_read_noise_high_gain_e,effective_peak_qe_pct,hcg_threshold_gain,notes,source_url
# --- ZWO ASI2600 Pro family ---
camera.zwo.asi2600mm_pro,manufacturer.zwo,sensor.sony.imx571_mono,,connector_size.t2,ASI 2600MM Pro,1,35.0,17.5,700.0,1,1,connection_interface.usb_2_0,100,75.0,3.3,1.0,,100,ZWO ASI2600MM Pro cooled monochrome APS-C camera using the Sony IMX571 sensor. Currently sold as the 2025 P25 hardware revision which improved full well from 50Ke to 75Ke and lowered HCG read noise from 1.5e to 1.0e. P25 bumped DDR3 buffer from 256MB to 512MB. Two-stage TEC cooling delta T 35C. Tilt plate. Anti-dew window heater. USB 3.0 plus 2-port USB 2.0 hub. M42 imaging-side connector. Back focus 17.5mm.,
camera.zwo.asi2600mc_pro,manufacturer.zwo,sensor.sony.imx571_color,,connector_size.t2,ASI 2600MC Pro,1,35.0,17.5,700.0,1,1,connection_interface.usb_2_0,100,75.0,3.3,0.7,,100,ZWO ASI2600MC Pro cooled color (OSC) APS-C camera using the Sony IMX571 color sensor. Currently sold as the 2025 P25 hardware revision. Bayer RGGB. Full well 75Ke read noise 0.7e HCG. Two-stage TEC cooling delta T 35C. Tilt plate. Anti-dew window heater. USB 3.0 plus 2-port USB 2.0 hub. M42 connector. Back focus 17.5mm.,
camera.zwo.asi2600mm_air,manufacturer.zwo,sensor.sony.imx571_mono,,connector_size.t2,ASI 2600MM Air,1,35.0,17.5,,1,1,connection_interface.usb_2_0,100,75.0,3.3,1.0,,100,ZWO ASI2600MM Air cooled monochrome APS-C camera with integrated ASIAir computer. Same imaging specs as ASI2600MM Pro (75Ke full well 1.0e HCG read noise). Two-stage TEC cooling. Tilt plate. Anti-dew window heater.,
camera.zwo.asi2600mc_air,manufacturer.zwo,sensor.sony.imx571_color,,connector_size.t2,ASI 2600MC Air,1,35.0,17.5,,1,1,connection_interface.usb_2_0,100,75.0,3.3,0.7,,100,ZWO ASI2600MC Air cooled color (OSC) APS-C camera with integrated ASIAir computer. Same imaging specs as ASI2600MC Pro (75Ke full well 0.7e HCG read noise Bayer RGGB). Two-stage TEC cooling. Tilt plate. Anti-dew window heater.,
camera.zwo.asi2600mm_duo,manufacturer.zwo,sensor.sony.imx571_mono,sensor.smartsens.sc2210_mono,connector_size.t2,ASI 2600MM Duo,1,35.0,17.5,,1,1,connection_interface.usb_2_0,100,75.0,3.3,1.0,,100,ZWO ASI2600MM Duo cooled monochrome APS-C camera with integrated off-axis guider exposing a SmartSens SC2210 guide sensor. Both sensors accessible through the same ASI driver. Same imaging specs as ASI2600MM Pro (75Ke full well 1.0e HCG). Two-stage TEC cooling for imaging sensor only.,https://www.zwoastro.com/product/asi2600mc-duo/
camera.zwo.asi2600mc_duo,manufacturer.zwo,sensor.sony.imx571_color,sensor.smartsens.sc2210_mono,connector_size.t2,ASI 2600MC Duo,1,35.0,17.5,,1,1,connection_interface.usb_2_0,100,75.0,3.3,0.7,,100,ZWO ASI2600MC Duo cooled color (OSC) APS-C camera with integrated off-axis guider exposing a SmartSens SC2210 guide sensor. Both sensors accessible through the same ASI driver. Same imaging specs as ASI2600MC Pro (75Ke full well 0.7e HCG Bayer RGGB). Two-stage TEC cooling for imaging sensor only.,https://www.zwoastro.com/product/asi2600mc-duo/
# --- QHY 268 family ---
camera.qhy.qhy268m,manufacturer.qhy,sensor.sony.imx571_mono,,connector_size.m54,QHY 268M,1,35.0,12.5,,1,0,,,75.0,3.3,0.7,,,QHY268M (QHY268M-PH Photo version) cooled monochrome APS-C camera using the Sony IMX571 sensor. 12.5mm back focus (SBFL version). Full well 75Ke in extended readout mode. Read noise 0.7e HCG. 1GB DDR3 buffer. Internal humidity sensor. Two-stage TEC cooling. M54 connector. USB 3.0. Tilt plate.,
camera.qhy.qhy268c,manufacturer.qhy,sensor.sony.imx571_color,,connector_size.m54,QHY 268C,1,35.0,14.5,,1,0,,,75.0,3.3,0.7,,,QHY268C (QHY268C-PH Photo version) cooled color (OSC) APS-C camera using the Sony IMX571 color sensor. Bayer RGGB. 14.5mm back focus (SBFL version since Jan 2023). Full well 75Ke in extended readout mode. Read noise 0.7e HCG. 1GB DDR3 buffer. AR window only (no built-in IR/UV cut). Two-stage TEC cooling. M54 connector. USB 3.0. Tilt plate.,
# --- Player One Poseidon family ---
camera.player_one.poseidon_m_pro,manufacturer.player_one,sensor.sony.imx571_mono,,connector_size.t2,Poseidon-M Pro,1,35.0,17.5,,1,0,,,71.7,3.3,,,,Player One Poseidon-M Pro cooled monochrome APS-C camera using the Sony IMX571 sensor. Full well 71.7Ke. HCG read noise per-camera tested (no single published value). Native 16-bit ADC. Zero amp glow. Octagonal housing. Round front piece for RASA compatibility. Two-stage TEC cooling. M42 connector. USB 3.0. Tilt plate.,
camera.player_one.poseidon_c_pro,manufacturer.player_one,sensor.sony.imx571_color,,connector_size.t2,Poseidon-C Pro,1,35.0,17.5,,1,0,,,71.7,3.3,,,,Player One Poseidon-C Pro cooled color (OSC) APS-C camera using the Sony IMX571 color sensor. Bayer RGGB. Full well 71.7Ke. Native 16-bit ADC. Zero amp glow. Octagonal housing. Round front piece for RASA compatibility. Two-stage TEC cooling. M42 connector. USB 3.0. Tilt plate.,
# --- ToupTek ATR3CMOS26000 family ---
camera.touptek.atr3cmos26000kma,manufacturer.touptek,sensor.sony.imx571_mono,,connector_size.t2,ATR 3CMOS26000KMA,1,35.0,17.5,,0,0,,,,,,,,ToupTek ATR3CMOS26000KMA cooled monochrome APS-C camera using the Sony IMX571 sensor. Vendor specs not consistently published. Two-stage TEC cooling. M42 connector. USB 3.0.,https://www.touptek-astro.com/dl_manual/ATR2600M_en.pdf
camera.touptek.atr3cmos26000kpa,manufacturer.touptek,sensor.sony.imx571_color,,connector_size.t2,ATR 3CMOS26000KPA,1,35.0,17.5,,0,0,,,,,,,,ToupTek ATR3CMOS26000KPA cooled color (OSC) APS-C camera using the Sony IMX571 color sensor. Bayer RGGB. Vendor specs not consistently published. Two-stage TEC cooling. M42 connector. USB 3.0.,https://www.touptek-astro.com/dl_manual/ATR2600M_en.pdf
# --- ZWO ASI6200 Pro family (IMX455 full-frame) ---
camera.zwo.asi6200mm_pro,manufacturer.zwo,sensor.sony.imx455_mono,,connector_size.m54,ASI 6200MM Pro,1,35.0,17.5,700.0,1,1,connection_interface.usb_2_0,100,51.4,3.3,0.86,,100,ZWO ASI6200MM Pro cooled monochrome full-frame camera using the Sony IMX455 sensor. 2025 P25 hardware revision with 0.86e HCG read noise and 512MB DDR3 buffer. HCG auto-triggered at gain 100 (unity gain). Two-stage TEC cooling delta T 35C. Tilt plate. Anti-dew window heater. USB 3.0 Type-B plus 2-port USB 2.0 hub. M54 connector. Back focus 17.5mm.,
camera.zwo.asi6200mc_pro,manufacturer.zwo,sensor.sony.imx455_color,,connector_size.m54,ASI 6200MC Pro,1,35.0,17.5,700.0,1,1,connection_interface.usb_2_0,100,51.4,3.3,0.86,,100,ZWO ASI6200MC Pro cooled color (OSC) full-frame camera using the Sony IMX455 color sensor. 2025 P25 hardware revision. Bayer RGGB. HCG auto-triggered at gain 100. Two-stage TEC cooling delta T 35C. Tilt plate. Anti-dew window heater. USB 3.0 Type-B plus 2-port USB 2.0 hub. M54 connector. Back focus 17.5mm.,
# --- QHY 600 family (IMX455 full-frame) ---
camera.qhy.qhy600m,manufacturer.qhy,sensor.sony.imx455_mono,,connector_size.m54,QHY 600M,1,35.0,17.5,,1,0,,,51.0,3.7,1.1,,56,QHY600M cooled monochrome full-frame camera using the Sony IMX455 sensor. Multiple consumer body variants (PH standard 17.5mm back focus and PH SBFL 14mm short back focus and PH-L Lite with 1GB DDR3) all share same electronics and FITS header. HCG/LCG switch at gain 56. 2GB DDR3 buffer (except Lite 1GB). Internal humidity sensor. Extended full well mode reaches ~80Ke (standard 51Ke). Two-stage TEC cooling delta T 35C. M54 connector. USB 3.0 Type-B. Tilt plate.,
camera.qhy.qhy600c,manufacturer.qhy,sensor.sony.imx455_color,,connector_size.m54,QHY 600C,1,35.0,17.5,,1,0,,,51.0,3.7,1.1,,56,QHY600C cooled color (OSC) full-frame camera using the Sony IMX455 color sensor. Bayer RGGB. Body variants PH (17.5mm) and PH SBFL (14mm back focus). HCG/LCG switch at gain 56. 2GB DDR3 buffer. AR-only window (no built-in UV/IR cut). No Lite variant (Lite is mono-only). Two-stage TEC cooling delta T 35C. M54 connector. USB 3.0 Type-B. Tilt plate.,
# --- Player One Zeus 455 family (IMX455 full-frame) ---
camera.player_one.zeus_455m_pro,manufacturer.player_one,sensor.sony.imx455_mono,,connector_size.m54,Zeus 455M Pro,1,35.0,17.5,,1,0,,,71.6,4.2,1.5,,125,Player One Zeus 455M Pro cooled monochrome full-frame camera using the Sony IMX455ALK-K industrial grade sensor. Full well 71.6Ke LCG (drops to 16.7Ke in HCG at gain 125). Read noise 4.2e LCG to 1.5e HCG. Octagonal housing with round front piece for RASA compatibility. 4-point rear tilt plate. Dual USB 3.0 Type-C data ports. 512MB DDR3. Two-stage TEC cooling delta T 35-40C. M54 connector. Launched Nov 2023.,
camera.player_one.zeus_455c_pro,manufacturer.player_one,sensor.sony.imx455_color,,connector_size.m54,Zeus 455C Pro,1,35.0,17.5,,1,0,,,71.6,4.2,1.5,,125,Player One Zeus 455C Pro cooled color (OSC) full-frame camera using the Sony IMX455AQK-C sensor. Bayer RGGB. Full well 71.6Ke LCG (drops to 16.7Ke in HCG at gain 125). Read noise 4.2e LCG to 1.5e HCG. Octagonal housing with round front piece for RASA compatibility. 4-point rear tilt plate. Dual USB 3.0 Type-C data ports. 512MB DDR3. Two-stage TEC cooling delta T 35-40C. M54 connector. Launched Nov 2023.,
# --- ToupTek SkyEye62 family (IMX455 full-frame) ---
camera.touptek.skyeye62am,manufacturer.touptek,sensor.sony.imx455_mono,,connector_size.m54,SkyEye62AM,1,35.0,17.5,,1,1,connection_interface.usb_2_0,,111.0,,0.97,,,ToupTek SkyEye62AM cooled monochrome full-frame camera replacing the older ATR3CMOS62000KMA. LCG full well 111Ke (highest in this batch) drops to 51Ke in HCG with 0.97e read noise. 512MB DDR3. Two-stage TEC cooling delta T 35C. Anti-dew heating with humidity monitoring. USB 3.0 Type-B plus 2-port USB 2.0 hub. M54 connector. Back focus 17.5mm.,
camera.touptek.skyeye62ac,manufacturer.touptek,sensor.sony.imx455_color,,connector_size.m54,SkyEye62AC,1,35.0,17.5,,1,1,connection_interface.usb_2_0,,107.0,,0.89,,,ToupTek SkyEye62AC cooled color (OSC) full-frame camera replacing the older ATR3CMOS62000KPA. Bayer RGGB. LCG full well 107Ke drops to 51Ke in HCG with 0.89e read noise. 14.85 stops dynamic range in HCG. 512MB DDR3. Two-stage TEC cooling delta T 35C. Anti-dew heating. USB 3.0 Type-B plus 2-port USB 2.0 hub. M54 connector. Back focus 17.5mm.,
# --- ZWO ASI533 Pro family (IMX533 1" square) ---
camera.zwo.asi533mm_pro,manufacturer.zwo,sensor.sony.imx533_mono,,connector_size.t2,ASI 533MM Pro,1,35.0,17.5,470.0,1,0,,100,50.0,3.8,1.0,,100,ZWO ASI533MM Pro cooled monochrome 1-inch square camera using the Sony IMX533 sensor. 9MP at 3008x3008. 14-bit ADC. HCG at gain 100 (unity gain). Two-stage TEC cooling delta T 30-35C. 256MB DDR3 buffer. Tilt plate. Anti-dew heater. USB 3.0 Type-B. T2 connector. Back focus 17.5mm. 470g.,
camera.zwo.asi533mc_pro,manufacturer.zwo,sensor.sony.imx533_color,,connector_size.t2,ASI 533MC Pro,1,35.0,17.5,470.0,1,0,,100,50.0,3.8,1.0,,100,ZWO ASI533MC Pro cooled color (OSC) 1-inch square camera using the Sony IMX533 color sensor. Bayer RGGB. 9MP at 3008x3008. 14-bit ADC. HCG at gain 100. Two-stage TEC cooling delta T 30-35C. 256MB DDR3 buffer. Tilt plate. Anti-dew heater. USB 3.0 Type-B. T2 connector. Back focus 17.5mm. 470g.,
# --- QHY 533 family (IMX533 1" square) ---
camera.qhy.qhy533m,manufacturer.qhy,sensor.sony.imx533_mono,,connector_size.t2,QHY 533M,1,35.0,17.5,845.0,1,0,,,58.0,3.4,1.3,,,QHY533M cooled monochrome 1-inch square camera using the Sony IMX533 sensor. Full well 58Ke. Read noise 3.4e LCG to 1.3e HCG. 14-bit ADC. 1GB DDR3 buffer. Dark current 0.0005 e/pixel/sec at -20C. Two-stage TEC cooling delta T 30-35C. Reuses QHY268 APS-C housing (845g). M42 interface designed for direct QHY CFW3S-SR filter wheel attachment. USB 3.0 Type-B. Back focus 17.5mm. Tilt plate.,
camera.qhy.qhy533c,manufacturer.qhy,sensor.sony.imx533_color,,connector_size.t2,QHY 533C,1,35.0,17.5,845.0,1,0,,,58.0,3.4,1.3,,,QHY533C cooled color (OSC) 1-inch square camera using the Sony IMX533 color sensor. Bayer RGGB. Full well 58Ke. Read noise 3.4e LCG to 1.3e HCG. 14-bit ADC. 1GB DDR3 buffer. Two-stage TEC cooling delta T 30-35C. Same QHY268-class housing (845g). Includes Adapter Kit E for 55mm M48 back focus. Female C-Mount threads for direct C-mount lens mounting. USB 3.0 Type-B. Back focus 17.5mm. Tilt plate.,
# --- Player One Ares family (IMX533 1" square) ---
camera.player_one.ares_m_pro,manufacturer.player_one,sensor.sony.imx533_mono,,connector_size.t2,Ares-M Pro,1,40.0,17.5,420.0,1,0,,,73.0,4.46,1.0,,125,Player One Ares-M Pro cooled monochrome 1-inch square camera using the Sony IMX533 sensor. Full well 73Ke (~1.5x Sony baseline). Read noise 4.46e LCG to 1.0e HCG at gain 125. 14-bit ADC. 43 FPS RAW8 full resolution. 512MB DDR3. Dark current 0.000044 e/pixel/sec at -20C. Two-stage TEC cooling delta T 35-40C. Carbon fiber housing 420g (lightest in batch). 3-point front or 4-point rear tilt plate. Dual sampling mode (Normal and LRN). USB 3.0 Type-C. T2 connector. Back focus 17.5mm. Launched May 2023.,
camera.player_one.ares_c_pro,manufacturer.player_one,sensor.sony.imx533_color,,connector_size.t2,Ares-C Pro,1,40.0,17.5,420.0,1,0,,,73.0,4.46,1.0,,125,Player One Ares-C Pro cooled color (OSC) 1-inch square camera using the Sony IMX533 color sensor. Bayer RGGB. Full well 73Ke. Read noise 4.46e LCG to 1.0e HCG at gain 125. 14-bit ADC. 43 FPS RAW8. 512MB DDR3. Two-stage TEC cooling delta T 35-40C. Carbon fiber housing 420g. Dual sampling mode. USB 3.0 Type-C. T2 connector. Back focus 17.5mm. Launched May 2023.,
# --- ToupTek ATR533 family (IMX533 1" square) ---
camera.touptek.atr533m,manufacturer.touptek,sensor.sony.imx533_mono,,connector_size.t2,ATR 533M,1,45.0,17.5,,1,1,connection_interface.usb_2_0,,104.6,,1.1,,,ToupTek ATR533M cooled monochrome 1-inch square camera. High full-well mode 104.6Ke (highest in batch). Read noise 1.1e in low-noise mode. 14-bit ADC. Two-stage TEC cooling with PID control delta T up to 45C (deepest in batch). 512MB DDR3. Anti-dew heating 4 levels. USB 3.0 Type-B with integrated USB 2.0 hub. Also marketed as ATR3CMOS09000KMA and rebadged as TS-Optics 533CP G2 and Lacerta DeepSkyPro533. T2 connector. Back focus 17.5mm.,
camera.touptek.atr533c,manufacturer.touptek,sensor.sony.imx533_color,,connector_size.t2,ATR 533C,1,45.0,17.5,,1,1,connection_interface.usb_2_0,,104.6,,1.1,,,ToupTek ATR533C cooled color (OSC) 1-inch square camera. Bayer RGGB. High full-well mode 104.6Ke. Read noise 1.1e in low-noise mode. 14-bit ADC. Two-stage TEC cooling with PID control delta T up to 45C. 512MB DDR3. Anti-dew heating. USB 3.0 Type-B with integrated USB 2.0 hub. Also marketed as ATR3CMOS09000KPA. T2 connector. Back focus 17.5mm.,
# --- ZWO ASI585 family (IMX585 1/1.2" STARVIS 2) ---
camera.zwo.asi585mc,manufacturer.zwo,sensor.sony.imx585_color,,connector_size.t2,ASI 585MC,0,,12.5,,0,0,,252,40.0,6.67,0.8,,200,ZWO ASI585MC uncooled color (OSC) 1/1.2 inch planetary/EAA camera using Sony IMX585. STARVIS 2. 12-bit ADC 8.29MP. Max 46.9 FPS full resolution. Zero amp glow. 256MB DDR3. USB 3.0 Type-B plus ST4 autoguider port. No TEC. Back focus 12.5mm. HCG threshold 200. Unity gain 252.,
camera.zwo.asi585mc_pro,manufacturer.zwo,sensor.sony.imx585_color,,connector_size.t2,ASI 585MC Pro,1,35.0,17.5,,1,0,,252,40.0,6.67,0.7,,200,ZWO ASI585MC Pro cooled color (OSC) 1/1.2 inch DSO camera. Cooled version of ASI585MC. 12-bit ADC 8.29MP. Two-stage TEC delta T 30-35C. Tilt plate. Anti-dew heater. 256MB DDR3. USB 3.0 Type-B. Back focus 17.5mm. HCG threshold 200. Unity gain 252.,
camera.zwo.asi585mm_pro,manufacturer.zwo,sensor.sony.imx585_mono,,connector_size.t2,ASI 585MM Pro,1,35.0,17.5,,1,0,,252,40.0,6.67,0.7,,200,ZWO ASI585MM Pro cooled monochrome 1/1.2 inch DSO camera. Sony IMX585 mono released 2024-2025. Popular for narrowband due to strong NIR sensitivity. 12-bit ADC 8.29MP. Two-stage TEC delta T 30-35C. 91% peak QE. Tilt plate. Anti-dew heater. 256MB DDR3. USB 3.0 Type-B. Back focus 17.5mm. HCG threshold 200. Unity gain 252.,
camera.zwo.asi585mc_air,manufacturer.zwo,sensor.sony.imx585_color,sensor.smartsens.sc2210_mono,connector_size.t2,ASI 585MC Air,1,35.0,17.5,,1,1,connection_interface.usb_2_0,252,40.0,6.67,0.7,88.0,200,ZWO ASI585MC Air wireless smart color camera. Three-in-one: IMX585 color main sensor + SmartSens SC2210 guide sensor + integrated ASIAir controller with 256GB eMMC storage 2GB DDR4 WiFi/Bluetooth. 4-port USB 2.0 hub. UV-IR Cut protective window. 12-bit ADC 8.29MP. ZWO published QE 88%. Two-stage TEC delta T 30-35C. HCG threshold 200. Unity gain 252. Main data port USB-C.,
camera.zwo.asi585mm_air,manufacturer.zwo,sensor.sony.imx585_mono,sensor.smartsens.sc2210_mono,connector_size.t2,ASI 585MM Air,1,35.0,17.5,,1,1,connection_interface.usb_2_0,252,40.0,6.67,0.7,91.0,200,ZWO ASI585MM Air wireless smart monochrome camera. Three-in-one: IMX585 mono main sensor + SmartSens SC2210 guide sensor + integrated ASIAir controller. AR coating protective window (no UV-IR cut). ZWO published QE 91%. Otherwise identical to ASI585MC Air. Main data port USB-C.,
# --- QHY IMX585 family ---
camera.qhy.qhy5iii585m,manufacturer.qhy,sensor.sony.imx585_mono,,connector_size.t2,QHY 5III585M,0,,12.5,,0,0,,,,,,,,QHY5III585M uncooled monochrome 1/1.2 inch planetary/guide camera using Sony IMX585 mono. QHY 5-III series. STARVIS 2 BSI. 12-bit ADC 8.29MP. Zero amp glow. Strong NIR sensitivity. USB 3.0 Type-B plus ST4 port. No TEC. Back focus 12.5mm.,
camera.qhy.qhy5iii585c,manufacturer.qhy,sensor.sony.imx585_color,,connector_size.t2,QHY 5III585C,0,,12.5,,0,0,,,,,,,,QHY5III585C uncooled color (OSC) 1/1.2 inch planetary/guide camera using Sony IMX585 color. QHY 5-III series. Bayer RGGB. 12-bit ADC 8.29MP. Zero amp glow. USB 3.0 Type-B plus ST4 port. No TEC. Back focus 12.5mm.,
camera.qhy.minicam8_m,manufacturer.qhy,sensor.sony.imx585_mono,,connector_size.t2,miniCAM 8M,1,35.0,,,0,0,,,40.0,,0.8,,,QHY miniCAM 8M cooled monochrome 1/1.2 inch camera with integrated 8-position motorized filter wheel. Released 2025. Ships with 8 filters including 7nm Ha SII OIII narrowband. Integrated filter wheel accepts 19x12mm rectangular filters. 12-bit ADC 8.29MP. Zero amp glow. Two-stage TEC ~35C delta T. USB 3.0. Back focus is deliberately blank: QHY publish 55mm for this camera but that is the working distance of the whole assembly including the integrated filter wheel and its adapters — not the sensor-to-flange figure this column holds on every other row. Do not fill it with 55.,
camera.qhy.minicam8_c,manufacturer.qhy,sensor.sony.imx585_color,,connector_size.t2,miniCAM 8C,1,35.0,,,0,0,,,40.0,,0.8,,,QHY miniCAM 8C cooled color (OSC) 1/1.2 inch camera with integrated 8-position motorized filter wheel. Released 2025. Ships with 5 filters including LP and UV/IR cut. Bayer RGGB. 12-bit ADC 8.29MP. Zero amp glow. Two-stage TEC ~35C delta T. USB 3.0. Back focus is deliberately blank: QHY publish 55mm for this camera but that is the working distance of the whole assembly including the integrated filter wheel and its adapters — not the sensor-to-flange figure this column holds on every other row. Do not fill it with 55.,
# --- Player One Uranus family (IMX585) ---
camera.player_one.uranus_c,manufacturer.player_one,sensor.sony.imx585_color,,connector_size.t2,Uranus-C,0,,12.5,,0,0,,,47.0,,0.9,,210,Player One Uranus-C (IMX585) uncooled color 1/1.2 inch planetary/EAA camera. Full well 47Ke. HCG at gain 210. Read noise 0.9e HCG. STARVIS 2 BSI. 12-bit ADC 8.29MP. Zero amp glow. HDR mode via firmware. Passive cooling. USB 3.0 Type-C plus ST4. Back focus 12.5mm. Launch 2022.,
camera.player_one.uranus_m,manufacturer.player_one,sensor.sony.imx585_mono,,connector_size.t2,Uranus-M,0,,12.5,,0,0,,,47.0,,0.9,,210,Player One Uranus-M (IMX585) uncooled monochrome 1/1.2 inch planetary/guide camera. Full well 47Ke. HCG at gain 210. Read noise 0.9e HCG. STARVIS 2. 12-bit ADC 8.29MP. Zero amp glow. Passive cooling. USB 3.0 Type-C plus ST4. Back focus 12.5mm.,
camera.player_one.uranus_c_pro,manufacturer.player_one,sensor.sony.imx585_color,,connector_size.t2,Uranus-C Pro,1,40.0,17.5,420.0,1,0,,,47.0,,0.9,,210,Player One Uranus-C Pro (IMX585) cooled color 1/1.2 inch DSO camera. First IMX585 cooled camera per Player One marketing. Full well 47Ke. HCG at gain 210. Read noise 0.9e. 12-bit ADC. 47 FPS. 512MB DDR3. Dark current 0.0004 e/s/pix at -20C. Carbon fiber housing 420g. Two-stage TEC delta T 35-40C. Dual USB 3.0 Type-C ports. T2 connector. Back focus 17.5mm. Launch late 2022.,
camera.player_one.uranus_m_pro,manufacturer.player_one,sensor.sony.imx585_mono,,connector_size.t2,Uranus-M Pro,1,40.0,17.5,420.0,1,0,,,47.0,,0.9,,210,Player One Uranus-M Pro (IMX585) cooled monochrome 1/1.2 inch DSO camera. Released 2025. Full well 47Ke. HCG at gain 210. Read noise 0.9e. 12-bit ADC. 47 FPS. 512MB DDR3. Carbon fiber 420g. Two-stage TEC delta T 35-40C. Dual USB 3.0 Type-C ports. T2 connector. Back focus 17.5mm.,
# --- ToupTek ATR585 family (IMX585) ---
camera.touptek.atr585m,manufacturer.touptek,sensor.sony.imx585_mono,,connector_size.t2,ATR 585M,1,45.0,17.5,,1,1,connection_interface.usb_2_0,,40.0,,0.9,,,ToupTek ATR585M cooled monochrome 1/1.2 inch DSO camera. STARVIS 2 BSI. 12-bit ADC 8.29MP. Zero amp glow. Two-stage TEC with PID delta T up to 45C. Anti-dew heating 4 levels. 512MB DDR3. USB 3.0 Type-B with integrated USB 2.0 hub. T2 connector. Back focus 17.5mm. Legacy code ATR3CMOS08300KMA.,
camera.touptek.atr585c,manufacturer.touptek,sensor.sony.imx585_color,,connector_size.t2,ATR 585C,1,45.0,17.5,,1,1,connection_interface.usb_2_0,,40.0,,0.9,,,ToupTek ATR585C cooled color (OSC) 1/1.2 inch DSO camera. Bayer RGGB. STARVIS 2 BSI. 12-bit ADC 8.29MP. Zero amp glow. Two-stage TEC with PID delta T up to 45C. Anti-dew heating. 512MB DDR3. USB 3.0 Type-B with integrated USB 2.0 hub. T2 connector. Back focus 17.5mm. Legacy code ATR3CMOS08300KPA.,
# --- ZWO ASI294 family (IMX294/IMX492 4/3") ---
camera.zwo.asi294mc_pro,manufacturer.zwo,sensor.sony.imx294_color,,connector_size.t2,ASI 294MC Pro,1,35.0,17.5,,1,1,connection_interface.usb_2_0,120,63.7,7.3,1.2,,120,ZWO ASI294MC Pro cooled color (OSC) 4/3 inch camera using the Sony IMX294 color sensor. 11.7MP at 4144x2822 (4.63um pixels). 14-bit ADC. HCG at gain 120 (unity gain). Full well 63.7Ke. Two-stage TEC delta T 35C. 256MB DDR3. Tilt plate. Anti-dew heater. USB 3.0 Type-B plus 2-port USB 2.0 hub. T2 connector. Back focus 17.5mm.,
camera.zwo.asi294mm_pro,manufacturer.zwo,sensor.sony.imx492_mono,,connector_size.t2,ASI 294MM Pro,1,35.0,17.5,,1,1,connection_interface.usb_2_0,120,66.4,7.3,1.2,90.0,120,ZWO ASI294MM Pro cooled monochrome 4/3 inch camera using the Sony IMX492 sensor (same silicon as IMX294). Supports Bin2 mode (11.7MP 4.63um 66.4Ke 14-bit) and Bin1 Unlocked mode (47MP 2.315um 14Ke 12-bit). 90% peak QE mono. HCG at gain 120. Two-stage TEC delta T 30-40C. 256MB DDR3. Tilt plate. Anti-dew heater. USB 3.0 Type-B plus 2-port USB 2.0 hub. T2 connector. Back focus 17.5mm.,
# --- QHY 294 Pro family ---
camera.qhy.qhy294c_pro,manufacturer.qhy,sensor.sony.imx294_color,,connector_size.t2,QHY 294C Pro,1,35.0,17.5,,1,0,,,66.0,7.0,1.3,,56,QHY294C Pro cooled color (OSC) 4/3 inch camera using the Sony IMX294 color sensor. 14-bit ADC. HCG/LCG switch at gain 56. Full well ~66Ke. Read noise 1.3e HCG. Peak QE 75%. Zero amp glow. Two-stage TEC delta T 35C. 1GB DDR3. USB 3.0 Type-B. T2 connector. Back focus 17.5mm.,
camera.qhy.qhy294m_pro,manufacturer.qhy,sensor.sony.imx492_mono,,connector_size.t2,QHY 294M Pro,1,35.0,17.5,,1,0,,,66.0,7.0,1.3,,56,QHY294M Pro cooled monochrome 4/3 inch camera. Same silicon as QHY294C Pro but operated in IMX492 mode for 47MP native or 11.7MP binned. HCG/LCG switch at gain 56. Full well ~66Ke binned. Read noise 1.3e HCG. Peak QE 90% mono. Zero amp glow. Two-stage TEC delta T 35C. 1GB DDR3. USB 3.0 Type-B. T2 connector. Back focus 17.5mm.,
# --- Player One Artemis family (IMX294/IMX492 4/3") ---
camera.player_one.artemis_c_pro,manufacturer.player_one,sensor.sony.imx294_color,,connector_size.t2,Artemis-C Pro,1,40.0,17.5,,1,0,,,65.8,7.8,1.8,,120,Player One Artemis-C Pro (IMX294) cooled color (OSC) 4/3 inch camera. 11.7MP at 4144x2822. 14-bit ADC. Full well 65.8Ke at gain 0. HCG at gain 120 with 14.5Ke full well and 1.8e read noise. 13 stops dynamic range. 33 FPS RAW8. Zero amp glow. Two-stage TEC delta T over 40C. 512MB DDR3. 4-point rear tilt plate. USB 3.0 Type-C. T2 connector. Back focus 17.5mm. Launch 2022.,
camera.player_one.artemis_m_pro,manufacturer.player_one,sensor.sony.imx492_mono,,connector_size.t2,Artemis-M Pro,1,40.0,17.5,,1,0,,,18.6,7.8,1.8,,110,Player One Artemis-M Pro (IMX492) cooled monochrome 4/3 inch camera. Bin1 native mode 47MP at 8288x5648 (2.315um 12-bit 18.6Ke full well). Bin2 mode 11.7MP (4.63um 14-bit). HCG at gain 120 but Bin1 mode clamps minimum gain to 110. Note: has amp glow in Bin2 mode at higher gains (Player One documented limitation). Two-stage TEC delta T over 40C. 512MB DDR3. 4-point rear tilt plate. USB 3.0 Type-C. T2 connector. Back focus 17.5mm.,
# --- ToupTek ATR294 family (IMX294/IMX492 4/3") ---
camera.touptek.atr294c,manufacturer.touptek,sensor.sony.imx294_color,,connector_size.t2,ATR 294C,1,45.0,17.5,,1,1,connection_interface.usb_2_0,,,,,,,ToupTek ATR294C cooled color (OSC) 4/3 inch camera using the Sony IMX294 color sensor. Also ATR3CMOS11700KPA. 11.7MP 14-bit ADC. Bayer RGGB. Zero amp glow. Two-stage TEC with PID delta T up to 45C. 512MB DDR3. Anti-dew heating. USB 3.0 Type-B with integrated USB 2.0 hub. T2 connector. Back focus 17.5mm.,
camera.touptek.atr294m,manufacturer.touptek,sensor.sony.imx492_mono,,connector_size.t2,ATR 294M,1,45.0,17.5,,1,1,connection_interface.usb_2_0,,,,,,,ToupTek ATR294M cooled monochrome 4/3 inch camera using the Sony IMX492 mono sensor. Also ATR3CMOS11700KMA. Supports Bin1 47MP and Bin2 11.7MP modes. Zero amp glow. Two-stage TEC with PID delta T up to 45C. 512MB DDR3. Anti-dew heating. USB 3.0 Type-B with integrated USB 2.0 hub. T2 connector. Back focus 17.5mm.,
# --- ZWO ASI183 family (IMX183 1" 20MP, older gen with amp glow) ---
camera.zwo.asi183mc,manufacturer.zwo,sensor.sony.imx183_color,,connector_size.t2,ASI 183MC,0,,12.5,,0,0,,,15.0,1.6,,,,ZWO ASI183MC uncooled color (OSC) 1 inch planetary/EAA camera using Sony IMX183. 20.48MP (2.4um). 12-bit ADC. Has visible amp glow. 256MB DDR3. USB 3.0 Type-B plus ST4. No TEC. Back focus 12.5mm.,
camera.zwo.asi183mm,manufacturer.zwo,sensor.sony.imx183_mono,,connector_size.t2,ASI 183MM,0,,12.5,,0,0,,,15.0,1.6,,,,ZWO ASI183MM uncooled monochrome 1 inch planetary/guide camera using Sony IMX183. 20.48MP. 12-bit ADC. Visible amp glow. 256MB DDR3. USB 3.0 Type-B plus ST4. No TEC. Back focus 12.5mm.,
camera.zwo.asi183mc_pro,manufacturer.zwo,sensor.sony.imx183_color,,connector_size.t2,ASI 183MC Pro,1,35.0,17.5,,1,1,connection_interface.usb_2_0,,15.0,1.6,,,,ZWO ASI183MC Pro cooled color (OSC) 1 inch DSO camera. 20.48MP. 12-bit ADC. Visible amp glow requires matched darks. Two-stage TEC delta T 35C. Tilt plate. Anti-dew heater. 256MB DDR3. USB 3.0 Type-B plus 2-port USB 2.0 hub. T2 connector. Back focus 17.5mm.,
camera.zwo.asi183mm_pro,manufacturer.zwo,sensor.sony.imx183_mono,,connector_size.t2,ASI 183MM Pro,1,35.0,17.5,,1,1,connection_interface.usb_2_0,,15.0,1.6,,84.0,,ZWO ASI183MM Pro cooled monochrome 1 inch DSO camera. 20.48MP. 12-bit ADC. Visible amp glow. Two-stage TEC delta T 35C. Tilt plate. Anti-dew heater. 256MB DDR3. USB 3.0 Type-B plus 2-port USB 2.0 hub. T2 connector. Back focus 17.5mm.,
# --- QHY 183 Pro family ---
camera.qhy.qhy183c_pro,manufacturer.qhy,sensor.sony.imx183_color,,connector_size.t2,QHY 183C Pro,1,35.0,17.5,,1,0,,,15.0,1.6,,,,QHY183C Pro cooled color (OSC) 1 inch DSO camera using Sony IMX183. 20.48MP. 12-bit ADC. Visible amp glow. Two-stage TEC delta T 35C. 256MB DDR3. USB 3.0 Type-B. T2 connector. Back focus 17.5mm.,
camera.qhy.qhy183m_pro,manufacturer.qhy,sensor.sony.imx183_mono,,connector_size.t2,QHY 183M Pro,1,35.0,17.5,,1,0,,,15.0,1.6,,,,QHY183M Pro cooled monochrome 1 inch DSO camera using Sony IMX183. 20.48MP. 12-bit ADC. Visible amp glow requires matched darks. Two-stage TEC delta T 35C. 256MB DDR3. USB 3.0 Type-B. T2 connector. Back focus 17.5mm.,
# --- ToupTek ATR183 family ---
camera.touptek.atr183c,manufacturer.touptek,sensor.sony.imx183_color,,connector_size.t2,ATR 183C,1,45.0,17.5,,1,1,connection_interface.usb_2_0,,,,,,,ToupTek ATR183C cooled color (OSC) 1 inch DSO camera using Sony IMX183. 20.48MP. 12-bit ADC. Visible amp glow. Two-stage TEC with PID delta T up to 45C. 512MB DDR3. Anti-dew heating. USB 3.0 Type-B with integrated USB 2.0 hub. T2 connector. Back focus 17.5mm.,
camera.touptek.atr183m,manufacturer.touptek,sensor.sony.imx183_mono,,connector_size.t2,ATR 183M,1,45.0,17.5,,1,1,connection_interface.usb_2_0,,,,,,,ToupTek ATR183M cooled monochrome 1 inch DSO camera using Sony IMX183. 20.48MP. 12-bit ADC. Visible amp glow. Two-stage TEC with PID delta T up to 45C. 512MB DDR3. Anti-dew heating. USB 3.0 Type-B with integrated USB 2.0 hub. T2 connector. Back focus 17.5mm.,
# --- ZWO ASI461 (IMX461 medium format 44x33mm) ---
camera.zwo.asi461mm_pro,manufacturer.zwo,sensor.sony.imx461_mono,,connector_size.m54,ASI 461MM Pro,1,35.0,17.5,,1,1,connection_interface.usb_2_0,100,51.0,3.5,1.5,,100,ZWO ASI461MM Pro cooled monochrome medium format (44x33mm) flagship camera. 101.7MP at 11648x8736 (3.76um). 16-bit ADC. HCG at gain 100. Full well 51Ke. Read noise 1.5e HCG. 90% peak QE. Zero amp glow. Two-stage TEC delta T 35C. 256MB DDR3. Tilt plate. Anti-dew heater. USB 3.0 Type-B plus 2-port USB 2.0 hub. M54 connector. Back focus 17.5mm. ~$10000 USD. No color variant from ZWO.,
# --- QHY 461 family (IMX461 medium format) ---
camera.qhy.qhy461m_pro,manufacturer.qhy,sensor.sony.imx461_mono,,connector_size.m54,QHY 461M Pro,1,40.0,17.5,,1,0,,,51.0,3.5,1.5,,56,QHY461M Pro cooled monochrome medium format (44x33mm) flagship camera. IMX461 mono. 101.7MP at 11648x8736. 16-bit ADC. HCG/LCG switch at gain 56. Full well 51Ke (extended mode 80Ke). Read noise 1.5e HCG. 90% peak QE. Zero amp glow. Deep two-stage TEC delta T over 40C. 2GB DDR3. USB 3.0 Type-B. M54 connector. Back focus 17.5mm. Multiple body variants (L PH SBFL).,
camera.qhy.qhy461c_pro,manufacturer.qhy,sensor.sony.imx461_color,,connector_size.m54,QHY 461C Pro,1,40.0,17.5,,1,0,,,51.0,3.5,1.5,,56,QHY461C Pro cooled color (OSC) medium format (44x33mm) camera. IMX461 color. Bayer RGGB. QHY is the only vendor offering a color variant at this format. 101.7MP at 11648x8736. 16-bit ADC. HCG/LCG switch at gain 56. Full well 51Ke. Zero amp glow. Deep two-stage TEC delta T over 40C. 2GB DDR3. USB 3.0 Type-B. M54 connector. Back focus 17.5mm.,
# --- QHY 411 (IMX411 medium format 54x40mm — largest available) ---
camera.qhy.qhy411m_pro,manufacturer.qhy,sensor.sony.imx411_mono,,connector_size.m54,QHY 411M Pro,1,40.0,17.5,,1,0,,,80.0,8.0,3.0,,56,QHY411M Pro cooled monochrome medium format (54x40mm) ultra-high-resolution camera. IMX411 mono. 151MP at 14192x10640 (3.76um). 16-bit ADC. HCG/LCG switch at gain 56. Full well 80Ke. Read noise 3e HCG 8e LCG. 90% peak QE. Zero amp glow. Deep two-stage TEC delta T over 40C. 2GB DDR3. USB 3.0 Type-B. M54 connector. Back focus 17.5mm. Currently the largest cooled astronomy camera. ~$20000 USD. QHY exclusive.,
# --- Small planetary/guide cameras (C8) ---
# ZWO IMX174 (global shutter)
camera.zwo.asi174mm,manufacturer.zwo,sensor.sony.imx174_mono,,connector_size.t2,ASI 174MM,0,,12.5,,0,0,,,,,,,,ZWO ASI174MM uncooled monochrome global-shutter planetary/solar camera. 2.3MP at 1936x1216. 12-bit ADC. Global shutter — uniquely valuable for solar and lunar occultation imaging. USB 3.0 Type-B plus ST4. Back focus 12.5mm.,
camera.zwo.asi174mc,manufacturer.zwo,sensor.sony.imx174_color,,connector_size.t2,ASI 174MC,0,,12.5,,0,0,,,,,,,,ZWO ASI174MC uncooled color global-shutter planetary camera. 2.3MP. 12-bit ADC. Global shutter. USB 3.0 Type-B plus ST4. Back focus 12.5mm.,
# ZWO IMX178 (high-res planetary)
camera.zwo.asi178mm,manufacturer.zwo,sensor.sony.imx178_mono,,connector_size.t2,ASI 178MM,0,,12.5,,0,0,,,,,,,,ZWO ASI178MM uncooled monochrome high-resolution planetary camera. 6.4MP at 3096x2080. 14-bit ADC. 256MB DDR3. USB 3.0 Type-B plus ST4. Back focus 12.5mm.,
camera.zwo.asi178mc,manufacturer.zwo,sensor.sony.imx178_color,,connector_size.t2,ASI 178MC,0,,12.5,,0,0,,,,,,,,ZWO ASI178MC uncooled color high-resolution planetary camera. 6.4MP. 14-bit ADC. 256MB DDR3. USB 3.0 Type-B plus ST4. Back focus 12.5mm.,
# ZWO IMX290 (guide/planetary)
camera.zwo.asi290mm_mini,manufacturer.zwo,sensor.sony.imx290_mono,,connector_size.1_25_inch,ASI 290MM Mini,0,,12.5,,0,0,,,,,,,,ZWO ASI290MM Mini uncooled monochrome compact guide camera. 2.1MP. 12-bit ADC. Mini body designed for OAG slots. USB 2.0 (Mini form factor). ST4 port. 1.25 inch nosepiece. Very popular mini guide camera.,
camera.zwo.asi290mc,manufacturer.zwo,sensor.sony.imx290_color,,connector_size.t2,ASI 290MC,0,,12.5,,0,0,,,,,,,,ZWO ASI290MC uncooled color planetary camera. 2.1MP. 12-bit ADC. USB 3.0 Type-B plus ST4. T2 connector. Back focus 12.5mm.,
# ZWO IMX462 (NIR-enhanced planetary)
camera.zwo.asi462mc,manufacturer.zwo,sensor.sony.imx462_color,,connector_size.t2,ASI 462MC,0,,12.5,,0,0,,,,,,,,ZWO ASI462MC uncooled color NIR-enhanced planetary camera. 2.1MP. 12-bit ADC. NIR-enhanced for methane-band Jupiter imaging. 128MB DDR3. USB 3.0 Type-B plus ST4. Back focus 12.5mm.,
camera.zwo.asi462mm,manufacturer.zwo,sensor.sony.imx462_mono,,connector_size.t2,ASI 462MM,0,,12.5,,0,0,,,,,,,,ZWO ASI462MM uncooled monochrome NIR-enhanced planetary camera. 2.1MP. 12-bit ADC. USB 3.0 Type-B plus ST4. Back focus 12.5mm.,
# ZWO IMX464 (mid-range planetary)
camera.zwo.asi464mc,manufacturer.zwo,sensor.sony.imx464_color,,connector_size.t2,ASI 464MC,0,,12.5,,0,0,,,,,,,,ZWO ASI464MC uncooled color 1/1.8 inch planetary camera. 4.2MP at 2704x1520. 12-bit ADC. USB 3.0 Type-B plus ST4. Back focus 12.5mm.,
# ZWO STARVIS 2 planetary
camera.zwo.asi662mc,manufacturer.zwo,sensor.sony.imx662_color,,connector_size.t2,ASI 662MC,0,,12.5,,0,0,,,,,,,,ZWO ASI662MC uncooled color STARVIS 2 planetary camera. Successor to ASI462MC. 2.1MP. 12-bit ADC. HCG mode. Full well 38.8Ke. Read noise 0.5e HCG. 256MB DDR3. USB 3.0 Type-B plus ST4. Back focus 12.5mm.,
camera.zwo.asi678mc,manufacturer.zwo,sensor.sony.imx678_color,,connector_size.t2,ASI 678MC,0,,12.5,,0,0,,,,,,,,ZWO ASI678MC uncooled color STARVIS 2 high-res planetary camera. 8.3MP 4K. 12-bit ADC. HCG. Full well 38.8Ke. Read noise 0.5e HCG. 256MB DDR3. USB 3.0 Type-B plus ST4. Back focus 12.5mm.,
camera.zwo.asi678mm,manufacturer.zwo,sensor.sony.imx678_mono,,connector_size.t2,ASI 678MM,0,,12.5,,0,0,,,,,,,,ZWO ASI678MM uncooled monochrome STARVIS 2 planetary camera. 8.3MP 4K. 12-bit ADC. HCG. Peak QE 95%. USB 3.0 Type-B plus ST4. Back focus 12.5mm.,
camera.zwo.asi715mc,manufacturer.zwo,sensor.sony.imx715_color,,connector_size.t2,ASI 715MC,0,,12.5,,0,0,,,,,,,,ZWO ASI715MC uncooled color STARVIS 2 planetary camera. 8.3MP 4K with 1.45um pixels. 12-bit ADC. Niche for extremely oversampled planetary work. 256MB DDR3. USB 3.0 Type-B plus ST4. Back focus 12.5mm.,
# QHY 5-III planetary
camera.qhy.qhy5iii174c,manufacturer.qhy,sensor.sony.imx174_color,,connector_size.t2,QHY 5III174C,0,,12.5,,0,0,,,,,,,,QHY5III174C uncooled color global-shutter planetary camera. 2.3MP. 12-bit ADC. Global shutter. USB 3.0 Type-B plus ST4.,
camera.qhy.qhy5iii178c,manufacturer.qhy,sensor.sony.imx178_color,,connector_size.t2,QHY 5III178C,0,,12.5,,0,0,,,,,,,,QHY5III178C uncooled color high-resolution planetary/guide camera. 6.4MP. 14-bit ADC. USB 3.0 Type-B plus ST4.,
camera.qhy.qhy5iii462c,manufacturer.qhy,sensor.sony.imx462_color,,connector_size.t2,QHY 5III462C,0,,12.5,,0,0,,,,,,,,QHY5III462C uncooled color NIR-enhanced planetary camera. 2.1MP. 12-bit ADC. USB 3.0 Type-B plus ST4.,
camera.qhy.qhy5iii662m,manufacturer.qhy,sensor.sony.imx662_mono,,connector_size.t2,QHY 5III662M,0,,12.5,,0,0,,,,,,,,QHY5III662M uncooled monochrome STARVIS 2 planetary/guide camera. 2.1MP. 12-bit ADC. USB 3.0 Type-B plus ST4.,
camera.qhy.qhy5iii678c,manufacturer.qhy,sensor.sony.imx678_color,,connector_size.t2,QHY 5III678C,0,,12.5,,0,0,,,,,,,,QHY5III678C uncooled color STARVIS 2 high-res planetary camera. 8.3MP 4K. 12-bit ADC. USB 3.0 Type-B plus ST4.,
# Player One planetary
camera.player_one.mars_m,manufacturer.player_one,sensor.sony.imx290_mono,,connector_size.t2,Mars-M,0,,12.5,,0,0,,,,,,,,Player One Mars-M (IMX290) uncooled monochrome guide/planetary camera. 2.1MP. 12-bit ADC. USB 3.0 Type-C. ST4. Back focus 12.5mm.,
camera.player_one.mars_c,manufacturer.player_one,sensor.sony.imx462_color,,connector_size.t2,Mars-C,0,,12.5,,0,0,,,,,,,,Player One Mars-C (IMX462) uncooled color NIR-enhanced planetary camera. 2.1MP. 12-bit ADC. USB 3.0 Type-C. ST4. Back focus 12.5mm.,
camera.player_one.mars_c_ii,manufacturer.player_one,sensor.sony.imx662_color,,connector_size.t2,Mars-C II,0,,12.5,,0,0,,,,,,,,Player One Mars-C II (IMX662) uncooled color STARVIS 2 planetary/guide camera. Successor to Mars-C. 2.1MP. HCG mode. Full well 38.8Ke. Read noise 0.5e HCG. USB 3.0 Type-C. ST4. Back focus 12.5mm. Very popular modern guide camera.,
camera.player_one.neptune_c_ii,manufacturer.player_one,sensor.sony.imx464_color,,connector_size.t2,Neptune-C II,0,,12.5,,0,0,,,,,,,,Player One Neptune-C II (IMX464) uncooled color 1/1.8 inch planetary camera. 4.2MP at 2704x1520. 12-bit ADC. USB 3.0 Type-C. ST4. Back focus 12.5mm.,
# --- ZWO ASI2400 (IMX410 full-frame 24MP) ---
camera.zwo.asi2400mc_pro,manufacturer.zwo,sensor.sony.imx410_color,,connector_size.m54,ASI 2400MC Pro,1,35.0,17.5,,1,1,connection_interface.usb_2_0,100,85.0,7.0,1.4,,100,ZWO ASI2400MC Pro cooled color (OSC) full frame camera using Sony IMX410. 24.19MP at 6072x4065 (5.94um pixels). 14-bit ADC. HCG at gain 100. Full well 85Ke. Read noise 1.4e HCG. 80% peak QE. Zero amp glow. Two-stage TEC delta T 35C. 256MB DDR3. Tilt plate. Anti-dew heater. USB 3.0 Type-B plus 2-port USB 2.0 hub. M54 connector. Back focus 17.5mm. Wide-pixel full-frame for unguided/fast imaging.,
# --- QHY 410 (IMX410 full-frame) ---
camera.qhy.qhy410c_pro,manufacturer.qhy,sensor.sony.imx410_color,,connector_size.m54,QHY 410C Pro,1,40.0,17.5,,1,0,,,85.0,7.0,1.4,,56,QHY410C Pro cooled color (OSC) full frame camera using Sony IMX410. 24.19MP (5.94um). 14-bit ADC. HCG/LCG switch at gain 56. Full well 85Ke. Read noise 1.4e HCG. Zero amp glow. Two-stage TEC delta T over 40C. 2GB DDR3. USB 3.0 Type-B. M54 connector. Back focus 17.5mm.,
# --- ZWO ASI485 (IMX485 predecessor to IMX585) ---
camera.zwo.asi485mc,manufacturer.zwo,sensor.sony.imx485_color,,connector_size.t2,ASI 485MC,0,,12.5,,0,0,,,,,,,,ZWO ASI485MC uncooled color (OSC) 1/1.2 inch planetary/EAA camera using Sony IMX485. Predecessor to ASI585MC. 8.29MP at 3840x2160. 12-bit ADC. Small residual amp glow. 128MB DDR3. USB 3.0 Type-B plus ST4. No TEC. Back focus 12.5mm. Entry-level option for EAA and planetary.,
# --- QHY IMX676 ---
camera.qhy.qhy5iii676c,manufacturer.qhy,sensor.sony.imx676_color,,connector_size.t2,QHY 5III676C,0,,12.5,,0,0,,,50.0,,1.1,,,QHY5III676C uncooled color 1 inch STARVIS 2 camera using Sony IMX676. 12.6MP at 3552x3552 (square). 12-bit ADC. Full well 50Ke. Read noise 1.1e HCG. USB 3.0 Type-B plus ST4. No TEC. Back focus 12.5mm. Verify exact product naming at implementation.,
# --- Player One IMX676 ---
camera.player_one.apollo_mini,manufacturer.player_one,sensor.sony.imx429_mono,,connector_size.t2,Apollo-M MINI,0,,,,0,0,,,,,,,,Uncooled monochrome global-shutter camera on the 2.86MP IMX429. Corrected 2026-09. This row previously mapped to sensor.sony.imx676_color — the wrong part and the wrong colour for an M-suffix body — and carried its own warning that it was speculative. Player One lists no IMX676 camera. Full well and read noise and back focus were dropped with the speculation rather than carried forward.,https://player-one-astronomy.com/product/
# --- ZWO ASI1600 family (Panasonic MN34230 4/3", legacy era) ---
camera.zwo.asi1600mm_pro,manufacturer.zwo,sensor.panasonic.mn34230_mono,,connector_size.t2,ASI 1600MM Pro,1,35.0,17.5,,1,1,connection_interface.usb_2_0,300,20.0,3.5,1.2,,,ZWO ASI1600MM Pro cooled monochrome 4/3 inch camera using Panasonic MN34230. Dominated amateur DSO mono imaging 2016-2020. 16.38MP. 12-bit ADC. Unity gain 300. Significant amp glow requiring matched darks. Two-stage TEC delta T 35C. 256MB DDR3. USB 3.0 Type-B plus 2-port USB 2.0 hub. T2 connector. Back focus 17.5mm. Still sold at lower price than ASI2600MM Pro.,
camera.zwo.asi1600mc_pro,manufacturer.zwo,sensor.panasonic.mn34230_color,,connector_size.t2,ASI 1600MC Pro,1,35.0,17.5,,1,1,connection_interface.usb_2_0,300,20.0,3.5,1.2,,,ZWO ASI1600MC Pro cooled color (OSC) 4/3 inch camera using Panasonic MN34230 color. 16.38MP. 12-bit ADC. Unity gain 300. Significant amp glow. Two-stage TEC 35C delta T. 256MB DDR3. USB 3.0 Type-B plus 2-port USB 2.0 hub. T2 connector. Back focus 17.5mm.,
camera.zwo.asi1600mm,manufacturer.zwo,sensor.panasonic.mn34230_mono,,connector_size.t2,ASI 1600MM,0,,12.5,,0,0,,300,,,,,,ZWO ASI1600MM uncooled monochrome 4/3 inch camera. Entry-level uncooled variant. 16.38MP. Significant amp glow. USB 3.0 Type-B plus ST4. Back focus 12.5mm.,
# --- QHY 163 Pro family (Panasonic MN34230) ---
camera.qhy.qhy163m_pro,manufacturer.qhy,sensor.panasonic.mn34230_mono,,connector_size.t2,QHY 163M Pro,1,40.0,17.5,,1,0,,,20.0,3.5,1.2,,,QHY163M Pro cooled monochrome 4/3 inch camera using Panasonic MN34230. QHY equivalent to ASI1600MM Pro. 16.38MP. 12-bit ADC. Significant amp glow. Two-stage TEC delta T over 40C. 128MB DDR3. USB 3.0 Type-B. T2 connector. Back focus 17.5mm.,
camera.qhy.qhy163c_pro,manufacturer.qhy,sensor.panasonic.mn34230_color,,connector_size.t2,QHY 163C Pro,1,40.0,17.5,,1,0,,,20.0,3.5,1.2,,,QHY163C Pro cooled color (OSC) 4/3 inch camera using Panasonic MN34230 color. 16.38MP. 12-bit ADC. Significant amp glow. Two-stage TEC over 40C. 128MB DDR3. USB 3.0 Type-B. T2 connector. Back focus 17.5mm.,
# --- ZWO ASI120 family (OnSemi AR0130, ubiquitous guide cameras) ---
camera.zwo.asi120mm_s,manufacturer.zwo,sensor.onsemi.ar0130_mono,,connector_size.t2,ASI 120MM-S,0,,12.5,,0,0,,,,,,,,ZWO ASI120MM-S uncooled monochrome guide/planetary camera using OnSemi AR0130. The most popular amateur guide camera historically. S suffix = USB 3.0. 1.23MP at 1280x960. 12-bit ADC. Mild amp glow. 256MB DDR3. USB 3.0 Type-B plus ST4. Back focus 12.5mm. ~$130 USD.,
camera.zwo.asi120mc_s,manufacturer.zwo,sensor.onsemi.ar0130_color,,connector_size.t2,ASI 120MC-S,0,,12.5,,0,0,,,,,,,,ZWO ASI120MC-S uncooled color guide/planetary camera using OnSemi AR0130 color. S suffix = USB 3.0. 1.23MP. 12-bit ADC. USB 3.0 Type-B plus ST4. Back focus 12.5mm.,
camera.zwo.asi120mm_mini,manufacturer.zwo,sensor.onsemi.ar0130_mono,,connector_size.1_25_inch,ASI 120MM Mini,0,,12.5,,0,0,,,,,,,,ZWO ASI120MM Mini uncooled monochrome compact guide camera. Mini form factor for OAG slots. USB 2.0 only. 1.25 inch nosepiece. 1.23MP. ST4 port. Very popular compact OAG guide camera.,
camera.zwo.asi120mc_mini,manufacturer.zwo,sensor.onsemi.ar0130_color,,connector_size.1_25_inch,ASI 120MC Mini,0,,12.5,,0,0,,,,,,,,ZWO ASI120MC Mini uncooled color compact guide/planetary camera. Mini form factor. USB 2.0. 1.25 inch nosepiece. 1.23MP. ST4 port.,
# --- SmartSens SC2210 standalone cameras (C12) ---
camera.zwo.asi220mm_mini,manufacturer.zwo,sensor.smartsens.sc2210_mono,,connector_size.t2,ASI 220MM Mini,0,,12.5,,0,0,,,8.78,,0.6,92.0,,ZWO ASI220MM Mini uncooled monochrome compact guide camera using SmartSens SC2210 (same sensor as ASI2600 Duo and ASI585 Air guide chips). 1920x1080 4um pixels. Full well 8.78Ke. Read noise 0.6e HCG. Peak QE 92%. Mini form factor. USB 2.0 Type-C connector. ST4 port. Back focus 12.5mm. Upgrade to ASI290MM Mini with higher sensitivity.,
camera.qhy.qhy5iii200m,manufacturer.qhy,sensor.smartsens.sc2210_mono,,connector_size.t2,QHY 5III200M,0,,12.5,,0,0,,,8.78,,0.6,92.0,,QHY5III200M uncooled monochrome compact guide camera using SmartSens SC2210. QHY equivalent to ASI220MM Mini. 1920x1080 4um pixels. Full well 8.78Ke. Read noise 0.6e HCG. Peak QE 92%. QHY 5-III series. USB 3.0 Type-B. ST4 port. Back focus 12.5mm.,
# --- Integrated smart-telescope imagers (not sold separately) ---
camera.zwo.seestar_s50_imager,manufacturer.zwo,sensor.sony.imx462_color,,,Seestar S50 imager,0,,,,0,0,,,,,,,,The camera built into the Seestar S50 — uncooled and not separable from the telescope. Seeded so the bundled rig has a camera to reference.,https://us.seestar.com/products/seestar-s50
camera.zwo.seestar_s30_imager,manufacturer.zwo,sensor.sony.imx662_color,,,Seestar S30 imager,0,,,,0,0,,,,,,,,The telephoto camera built into the Seestar S30. The separate wide-angle camera is for framing and is not modelled.,https://www.seestar.com/products/seestar-s30-all-in-one-smart-telescope
camera.zwo.seestar_s30_pro_imager,manufacturer.zwo,sensor.sony.imx585_color,,,Seestar S30 Pro imager,0,,,,0,0,,,,,,,,The telephoto camera built into the Seestar S30 Pro. The separate IMX586 wide-angle camera is for framing and is not modelled.,https://eu.seestar.com/products/seestar-s30-pro
camera.dwarflab.dwarf_mini_imager,manufacturer.dwarflab,sensor.sony.imx662_color,,,DWARF mini imager,0,,,,0,0,,,,,,,,The camera built into the DWARF mini. The IMX662 is read out at 1936x1100 and cropped to 1920x1080 by the firmware.,https://dwarflab.com
camera.dwarflab.dwarf_ii_imager,manufacturer.dwarflab,sensor.sony.imx415_color,,,DWARF II imager,0,,,,0,0,,,,,,,,The telephoto camera built into the DWARF II. Outputs 3840x2160 from the 3864x2192 sensor.,https://dwarflab.com
camera.zwo.seestar_s50_pro_imager,manufacturer.zwo,sensor.omnivision.os08b10_color,,,Seestar S50 Pro imager,0,,,,0,0,,,,,,,,The telephoto camera built into the Seestar S50 Pro.,https://www.seestar.com/products/seestar-s50-pro-smart-telescope
camera.celestron.origin_imager,manufacturer.celestron,sensor.sony.imx178_color,,,Origin imager (IMX178),0,,,,0,0,,,,,,,,The camera in the original Celestron Origin (#12099).,https://www.celestron.com
camera.celestron.origin_mk2_imager,manufacturer.celestron,sensor.sony.imx678_color,,,Origin Mark II imager (IMX678),0,,,,0,0,,,,,,,,The 678C camera in the Celestron Origin Mark II; also sold as an upgrade for the original.,https://www.celestron.com
camera.unistellar.evscope_2_imager,manufacturer.unistellar,sensor.sony.imx347_color,,,eVscope 2 imager,0,,,,0,0,,,,,,,,The camera built into the Unistellar eVscope 2.,https://www.unistellar.com/expert/
camera.unistellar.equinox_2_imager,manufacturer.unistellar,sensor.sony.imx347_color,,,eQuinox 2 imager,0,,,,0,0,,,,,,,,The camera built into the Unistellar eQuinox 2.,https://www.unistellar.com/expert/
camera.unistellar.odyssey_imager,manufacturer.unistellar,sensor.sony.imx615_color,,,Odyssey imager,0,,,,0,0,,,,,,,,The camera built into the Unistellar Odyssey and Odyssey Pro.,https://shop.unistellar.com/products/odyssey
# --- ZWO models added in the 2026 catalogue audit ---
camera.zwo.asi4400mc_pro,manufacturer.zwo,sensor.sony.asi4400_color,,,ASI4400MC Pro,1,35.0,,,0,0,,,74.6,,1.1,80.0,,ZWO's 44MP full-frame cooled colour camera; 14-bit ADC; over 13 stops of dynamic range; cooling 30-35C below ambient. ZWO does not publish the sensor part number.,https://us.zwoastro.com/products/asi4400mc-pro
camera.zwo.asi676mc,manufacturer.zwo,sensor.sony.imx676_color,,,ASI676MC,0,,,,0,0,,,,,,,,Uncooled colour planetary and guiding camera on the square 12.6MP IMX676.,https://www.zwoastro.com/product-category/cameras/
camera.zwo.asi676mm,manufacturer.zwo,sensor.sony.imx676_mono,,,ASI676MM,0,,,,0,0,,,,,,,,Monochrome version of the ASI676MC.,https://www.zwoastro.com/product-category/cameras/
camera.zwo.asi664mc,manufacturer.zwo,sensor.sony.imx664_color,,,ASI664MC,0,,,,0,0,,,,,,,,Uncooled colour camera on the 4.1MP STARVIS 2 IMX664.,https://www.zwoastro.com/product-category/cameras/
camera.zwo.asi662mm,manufacturer.zwo,sensor.sony.imx662_mono,,,ASI662MM,0,,,,0,0,,,,,,,,Monochrome version of the ASI662MC.,https://www.zwoastro.com/product-category/cameras/
camera.zwo.asi482mc,manufacturer.zwo,sensor.sony.imx482_color,,,ASI482MC,0,,,,0,0,,,,,,85.0,,Uncooled colour camera on the large-pixel IMX482; 2.07MP; 85% peak QE; 12 stops of dynamic range. The 5.8um pixels make it unusually sensitive for lunar and planetary work.,https://www.zwoastro.com/product-category/cameras/
camera.zwo.asi432mm,manufacturer.zwo,sensor.sony.imx432_mono,,,ASI432MM,0,,,,0,0,,,,,,,,Uncooled monochrome camera on the 9um global-shutter IMX432. The very large pixels suit photometry and occultation timing rather than pretty pictures.,https://www.zwoastro.com/product-category/cameras/
camera.zwo.asi224mc,manufacturer.zwo,sensor.sony.imx224_color,,,ASI224MC,0,,,,0,0,,,,,,,,Long-serving uncooled colour planetary camera; strong near-infrared response.,https://www.zwoastro.com/product-category/cameras/
camera.zwo.asi533mm,manufacturer.zwo,sensor.sony.imx533_mono,,,ASI533MM,0,,,,0,0,,,,,,,,Uncooled monochrome version of the square-sensor 533; the Pro is the cooled variant.,https://www.zwoastro.com/product-category/cameras/
camera.zwo.asi294mc,manufacturer.zwo,sensor.sony.imx294_color,,,ASI294MC,0,,,,0,0,,,,,,,,Uncooled colour version of the 294; the Pro is the cooled variant.,https://www.zwoastro.com/product-category/cameras/
camera.zwo.asi294mm,manufacturer.zwo,sensor.sony.imx492_mono,,,ASI294MM,0,,,,0,0,,,,,,,,Uncooled monochrome version of the 294; uses the IMX492 as the Pro does; the Pro is the cooled variant.,https://www.zwoastro.com/product-category/cameras/
# --- QHY models added in the 2026 catalogue audit ---
camera.qhy.qhy5iii715c,manufacturer.qhy,sensor.sony.imx715_color,,,QHY 5III715C,0,,,,0,0,,,,,,,,Uncooled colour planetary and guiding camera on the 1.45um IMX715.,https://www.qhyccd.com/product/astronomy-cameras/
camera.qhy.qhy5iii462m,manufacturer.qhy,sensor.sony.imx462_mono,,,QHY 5III462M,0,,,,0,0,,,,,,,,Monochrome counterpart to the 5III462C; strong near-infrared response suits methane-band and IR planetary work.,https://www.qhyccd.com/product/astronomy-cameras/
camera.qhy.qhy5iii678m,manufacturer.qhy,sensor.sony.imx678_mono,,,QHY 5III678M,0,,,,0,0,,,,,,,,Monochrome counterpart to the 5III678C.,https://www.qhyccd.com/product/astronomy-cameras/
camera.qhy.qhy5iii174m,manufacturer.qhy,sensor.sony.imx174_mono,,,QHY 5III174M,0,,,,0,0,,,,,,,,Monochrome counterpart to the 5III174C; the 5.86um pixels make it a common off-axis guider choice.,https://www.qhyccd.com/product/astronomy-cameras/
camera.qhy.qhy5iii485c,manufacturer.qhy,sensor.sony.imx485_color,,,QHY 5III485C,0,,,,0,0,,,,,,,,Uncooled colour camera on the 1/1.2 inch IMX485.,https://www.qhyccd.com/product/astronomy-cameras/
camera.qhy.qhy367c_pro,manufacturer.qhy,sensor.sony.imx094_color,,,QHY 367C Pro,1,,,,0,0,,,56.0,,2.4,,,Full-frame cooled colour camera on the 36.4MP IMX094; 14-bit ADC; zero amplifier glow; over 14 stops of dynamic range.,https://www.qhyccd.com/astronomical-camera-qhy367/
camera.qhy.qhy247c,manufacturer.qhy,sensor.sony.imx193_color,,,QHY 247C,1,,,,0,0,,,36.0,2.7,1.0,,,APS-C cooled colour camera on the 24MP IMX193; 14-bit ADC. Discontinued but still in wide use.,https://cloudbreakoptics.com/products/247c
camera.qhy.qhy128c,manufacturer.qhy,sensor.sony.imx128_color,,,QHY 128C,1,,,,0,0,,,,1.8,,,,Full-frame cooled colour camera on the 24MP IMX128; 14-bit ADC; over 14 stops of dynamic range. Discontinued but still in wide use.,https://tolgaastro.com/manufacturers/qhy/qhy128c.html
camera.qhy.qhy168c,manufacturer.qhy,sensor.sony.imx071_color,,,QHY 168C,1,,,,0,0,,,,2.3,,,,APS-C cooled colour camera on the front-side-illuminated IMX071. Discontinued but still in wide use.,https://www.baader-planetarium.com/en/cameras/qhyccd-kameras/cooled-cmos-cameras/qhy-168c.html
# --- Player One models added in the 2026 catalogue audit ---
camera.player_one.mars_662m,manufacturer.player_one,sensor.sony.imx662_mono,,,Mars 662M,0,,,,0,0,,,,,,,,Uncooled monochrome planetary camera on the IMX662.,https://player-one-astronomy.com/product/
camera.player_one.mars_m_ii,manufacturer.player_one,sensor.sony.imx462_mono,,,Mars-M II,0,,,,0,0,,,,,,,,Uncooled monochrome planetary camera on the near-infrared-sensitive IMX462.,https://player-one-astronomy.com/product/
camera.player_one.neptune_664c,manufacturer.player_one,sensor.sony.imx664_color,,,Neptune 664C,0,,,,0,0,,,,,,,,Third-generation Neptune; uncooled colour on the STARVIS 2 IMX664; successor to the Neptune-C II.,https://player-one-astronomy.com/product/
camera.player_one.neptune_m,manufacturer.player_one,sensor.sony.imx178_mono,,,Neptune-M,0,,,,0,0,,,,,,,,Uncooled monochrome planetary camera on the IMX178.,https://player-one-astronomy.com/product/
camera.player_one.neptune_c,manufacturer.player_one,sensor.sony.imx178_color,,,Neptune-C,0,,,,0,0,,,,,,,,Uncooled colour planetary camera on the IMX178.,https://player-one-astronomy.com/product/
camera.player_one.saturn_m_sqr,manufacturer.player_one,sensor.sony.imx533_mono,,,Saturn-M SQR,0,,,,0,0,,,,,,,,Uncooled monochrome planetary camera on the square IMX533. The square sensor avoids having to rotate for framing.,https://player-one-astronomy.com/product/
camera.player_one.saturn_c_sqr,manufacturer.player_one,sensor.sony.imx533_color,,,Saturn-C SQR,0,,,,0,0,,,,,,,,Uncooled colour planetary camera on the square IMX533.,https://player-one-astronomy.com/product/
camera.player_one.apollo_428m_max,manufacturer.player_one,sensor.sony.imx428_mono,,,Apollo 428M MAX,0,,,,0,0,,,,,,,,Uncooled monochrome global-shutter camera on the 7.1MP IMX428; aimed at solar and lucky imaging.,https://player-one-astronomy.com/product/
camera.player_one.apollo_428m_max_pro,manufacturer.player_one,sensor.sony.imx428_mono,,,Apollo 428M MAX Pro,0,,,,0,0,,,,,,,,Pro variant of the Apollo 428M MAX on the same IMX428.,https://player-one-astronomy.com/product/
camera.player_one.apollo_m_max,manufacturer.player_one,sensor.sony.imx432_mono,,,Apollo-M MAX,0,,,,0,0,,,,,,,,Uncooled monochrome global-shutter camera on the 9um IMX432; the large pixels suit photometry and occultation timing.,https://player-one-astronomy.com/product/
camera.player_one.apollo_m_max_pro,manufacturer.player_one,sensor.sony.imx432_mono,,,Apollo-M MAX Pro,0,,,,0,0,,,,,,,,Pro variant of the Apollo-M MAX on the same IMX432.,https://player-one-astronomy.com/product/
camera.player_one.apollo_m,manufacturer.player_one,sensor.sony.imx174_mono,,,Apollo-M,0,,,,0,0,,,,,,,,Uncooled monochrome global-shutter camera on the IMX174.,https://player-one-astronomy.com/product/
camera.player_one.apollo_c,manufacturer.player_one,sensor.sony.imx174_color,,,Apollo-C,0,,,,0,0,,,,,,,,Uncooled colour global-shutter camera on the IMX174.,https://player-one-astronomy.com/product/
camera.player_one.xena_585m,manufacturer.player_one,sensor.sony.imx585_mono,,,Xena 585M,0,,,,0,0,,,,,,,,Uncooled monochrome guide camera on the IMX585.,https://player-one-astronomy.com/product/
camera.player_one.ceres_462m,manufacturer.player_one,sensor.sony.imx462_mono,,,Ceres 462M,0,,,,0,0,,,,,,,,Uncooled monochrome guide camera on the IMX462.,https://player-one-astronomy.com/product/
camera.player_one.sedna_m,manufacturer.player_one,sensor.sony.imx178_mono,,,Sedna-M,0,,,,0,0,,,,,,,,Uncooled monochrome guide camera on the IMX178.,https://player-one-astronomy.com/product/
# --- ToupTek models added in the 2026 catalogue audit ---
camera.touptek.atr432m,manufacturer.touptek,sensor.sony.imx432_mono,,,ATR432M,1,,,,0,0,,,,,,,,Cooled monochrome camera on the 9um global-shutter IMX432.,https://www.touptekastro.com/collections/all
camera.touptek.atr432c,manufacturer.touptek,sensor.sony.imx432_color,,,ATR432C,1,,,,0,0,,,,,,,,Cooled colour camera on the 9um global-shutter IMX432.,https://www.touptekastro.com/collections/all
camera.touptek.atr428m,manufacturer.touptek,sensor.sony.imx428_mono,,,ATR428M,1,,,,0,0,,,,,,,,Cooled monochrome camera on the 7.1MP global-shutter IMX428.,https://www.touptekastro.com/collections/all
camera.touptek.ae676c,manufacturer.touptek,sensor.sony.imx676_color,,,AE676C,0,,,,0,0,,,,,,,,Uncooled colour camera on the square 12.6MP IMX676.,https://www.touptekastro.com/collections/all
camera.touptek.g3m662c,manufacturer.touptek,sensor.sony.imx662_color,,,G3M662C,0,,,,0,0,,,,,,,,Uncooled colour planetary camera on the STARVIS 2 IMX662.,https://www.touptekastro.com/collections/planetray-cameras
camera.touptek.gpm174m,manufacturer.touptek,sensor.sony.imx174_mono,,,GPM174M,0,,,,0,0,,,,,,,,Monochrome guide camera on the IMX174; the 5.86um pixels suit an off-axis guider.,https://www.touptekastro.com/collections/guide-cameras
camera.touptek.gpm662m,manufacturer.touptek,sensor.sony.imx662_mono,,,GPM662M,0,,,,0,0,,,,,,,,Monochrome guide camera on the IMX662.,https://www.touptekastro.com/collections/guide-cameras
camera.touptek.gpm662c,manufacturer.touptek,sensor.sony.imx662_color,,,GPM662C,0,,,,0,0,,,,,,,,Colour guide camera on the IMX662.,https://www.touptekastro.com/collections/guide-cameras
# --- Altair Astro: first seeding of this manufacturer (2026 catalogue audit) ---
camera.altair.hypercam_26c,manufacturer.altair,sensor.sony.imx571_color,,,Hypercam 26C,1,,,,0,0,,,,,,,,APS-C colour TEC-cooled camera on the 16-bit IMX571.,https://altairastro.com/cameras---astro-imaging-3-c.asp
camera.altair.hypercam_26m,manufacturer.altair,sensor.sony.imx571_mono,,,Hypercam 26M,1,,,,0,0,,,,,,,,APS-C monochrome TEC-cooled camera on the 16-bit IMX571.,https://altairastro.com/cameras---astro-imaging-3-c.asp
camera.altair.hypercam_533c,manufacturer.altair,sensor.sony.imx533_color,,,Hypercam 533C,1,,,,0,0,,,,,,,,Square-sensor colour camera on the IMX533.,https://altairastro.com/cameras---astro-imaging-3-c.asp
camera.altair.hypercam_533m,manufacturer.altair,sensor.sony.imx533_mono,,,Hypercam 533M,1,,,,0,0,,,,,,,,Square-sensor monochrome camera on the IMX533.,https://altairastro.com/cameras---astro-imaging-3-c.asp
camera.altair.hypercam_585c_tec,manufacturer.altair,sensor.sony.imx585_color,,,Hypercam 585C TEC,1,,,,0,0,,,,,,,,TEC-cooled colour camera on the STARVIS 2 IMX585; suits both planetary and deep-sky work.,https://altairastro.com/cameras---astro-imaging-3-c.asp
camera.altair.hypercam_585m_tec,manufacturer.altair,sensor.sony.imx585_mono,,,Hypercam 585M TEC,1,,,,0,0,,,,,,,,TEC-cooled monochrome camera on the STARVIS 2 IMX585.,https://altairastro.com/cameras---astro-imaging-3-c.asp
camera.altair.hypercam_585c_fan,manufacturer.altair,sensor.sony.imx585_color,,,Hypercam 585C Fan Cooled,0,,,,0,0,,,,,,,,Fan-cooled colour camera on the IMX585; no TEC.,https://altairastro.com/cameras---astro-imaging-3-c.asp
camera.altair.hypercam_585m_fan,manufacturer.altair,sensor.sony.imx585_mono,,,Hypercam 585M Fan Cooled,0,,,,0,0,,,,,,,,Fan-cooled monochrome camera on the IMX585; no TEC.,https://altairastro.com/cameras---astro-imaging-3-c.asp
camera.altair.hypercam_183c_pro_tec,manufacturer.altair,sensor.sony.imx183_color,,,Hypercam 183C PRO TEC,1,,,,0,0,,,,,,,,TEC-cooled colour 20MP camera on the IMX183.,https://altairastro.com/cameras---astro-imaging-3-c.asp
camera.altair.hypercam_183m_pro_tec,manufacturer.altair,sensor.sony.imx183_mono,,,Hypercam 183M PRO TEC,1,,,,0,0,,,,,,,,TEC-cooled monochrome 20MP camera on the IMX183.,https://altairastro.com/cameras---astro-imaging-3-c.asp
camera.altair.hypercam_183c_pro_fan,manufacturer.altair,sensor.sony.imx183_color,,,Hypercam 183C PRO Fan Cooled,0,,,,0,0,,,,,,,,Fan-cooled colour 20MP camera on the IMX183.,https://altairastro.com/cameras---astro-imaging-3-c.asp
camera.altair.hypercam_183m_pro_fan,manufacturer.altair,sensor.sony.imx183_mono,,,Hypercam 183M PRO Fan Cooled,0,,,,0,0,,,,,,,,Fan-cooled monochrome 20MP camera on the IMX183.,https://altairastro.com/cameras---astro-imaging-3-c.asp
camera.altair.hypercam_294c_pro_tec,manufacturer.altair,sensor.sony.imx294_color,,,Hypercam 294C PRO TEC,1,,,,0,0,,,,,,,,TEC-cooled colour 11.6MP camera on the IMX294.,https://altairastro.com/cameras---astro-imaging-3-c.asp
camera.altair.hypercam_294c_pro_fan,manufacturer.altair,sensor.sony.imx294_color,,,Hypercam 294C PRO Fan Cooled,0,,,,0,0,,,,,,,,Fan-cooled colour 11.6MP camera on the IMX294.,https://altairastro.com/cameras---astro-imaging-3-c.asp
camera.altair.hypercam_115m,manufacturer.altair,sensor.sony.imx492_mono,,,Hypercam 115M,1,,,,0,0,,,,,,,,TEC-cooled monochrome camera on the IMX492; Altair also sells it as the 294M.,https://altairastro.com/cameras---astro-imaging-3-c.asp
camera.altair.hypercam_174m,manufacturer.altair,sensor.sony.imx174_mono,,,Hypercam 174M Fan Cooled,0,,,,0,0,,,,,,,,Fan-cooled monochrome camera on the global-shutter IMX174.,https://altairastro.com/cameras---astro-imaging-3-c.asp
camera.altair.hypercam_aa61cfx,manufacturer.altair,sensor.sony.imx455_color,,,Hypercam AA61CFX,1,,,,0,0,,,,,,,,Full-frame cooled colour camera on the 16-bit IMX455.,https://altairastro.com/cameras---astro-imaging-3-c.asp
camera.altair.hypercam_aa61mfx,manufacturer.altair,sensor.sony.imx455_mono,,,Hypercam AA61MFX,1,,,,0,0,,,,,,,,Full-frame cooled monochrome camera on the 16-bit IMX455.,https://altairastro.com/cameras---astro-imaging-3-c.asp
camera.altair.hypercam_aa24cfx,manufacturer.altair,sensor.sony.imx410_color,,,Hypercam AA24CFX,1,,,,0,0,,,,,,,,Full-frame cooled colour camera on the 14-bit IMX410.,https://altairastro.com/cameras---astro-imaging-3-c.asp
camera.altair.altair_174m_oag,manufacturer.altair,sensor.sony.imx174_mono,,,174M OAG Guide Camera,0,,,,0,0,,,,,,,,Monochrome guide camera shaped for an off-axis guider; the 5.86um IMX174 pixels gather enough signal in an OAG's small field.,https://altairastro.com/cameras---astro-imaging-3-c.asp
camera.altair.altair_662c,manufacturer.altair,sensor.sony.imx662_color,,,662C USB3,0,,,,0,0,,,,,,,,Colour planetary and guide camera on the STARVIS 2 IMX662.,https://altairastro.com/cameras---astro-imaging-3-c.asp
camera.altair.altair_662m,manufacturer.altair,sensor.sony.imx662_mono,,,662M USB3,0,,,,0,0,,,,,,,,Monochrome planetary and guide camera on the IMX662.,https://altairastro.com/cameras---astro-imaging-3-c.asp
camera.altair.altair_664c,manufacturer.altair,sensor.sony.imx664_color,,,664C USB3,0,,,,0,0,,,,,,,,Colour camera on the STARVIS 2 IMX664.,https://altairastro.com/cameras---astro-imaging-3-c.asp
camera.altair.altair_678c,manufacturer.altair,sensor.sony.imx678_color,,,678C USB3,0,,,,0,0,,,,,,,,Colour camera on the 2.0um IMX678.,https://altairastro.com/cameras---astro-imaging-3-c.asp
camera.altair.altair_678m,manufacturer.altair,sensor.sony.imx678_mono,,,678M USB3,0,,,,0,0,,,,,,,,Monochrome camera on the 2.0um IMX678.,https://altairastro.com/cameras---astro-imaging-3-c.asp
camera.altair.altair_2210m,manufacturer.altair,sensor.smartsens.sc2210_mono,,,2210M USB3 Guide,0,,,,0,0,,,,,,,,Monochrome guide camera on the SmartSens SC2210.,https://altairastro.com/cameras---astro-imaging-3-c.asp
camera.altair.gpcam2_224c,manufacturer.altair,sensor.sony.imx224_color,,,GPCAM2 224C,0,,,,0,0,,,,,,,,Colour guide and EAA camera on the IMX224.,https://altairastro.com/cameras---astro-imaging-3-c.asp
camera.altair.gpcam2_290c,manufacturer.altair,sensor.sony.imx290_color,,,GPCAM2 290C,0,,,,0,0,,,,,,,,Colour guide and EAA camera on the IMX290.,https://altairastro.com/cameras---astro-imaging-3-c.asp
camera.altair.gpcam2_290m,manufacturer.altair,sensor.sony.imx290_mono,,,GPCAM2 290M,0,,,,0,0,,,,,,,,Monochrome guide and EAA camera on the IMX290.,https://altairastro.com/cameras---astro-imaging-3-c.asp
camera.altair.gpcam3_178c,manufacturer.altair,sensor.sony.imx178_color,,,GPCAM3 178C,0,,,,0,0,,,,,,,,Colour camera on the IMX178.,https://altairastro.com/cameras---astro-imaging-3-c.asp
camera.altair.gpcam3_178m,manufacturer.altair,sensor.sony.imx178_mono,,,GPCAM3 178M,0,,,,0,0,,,,,,,,Monochrome camera on the IMX178.,https://altairastro.com/cameras---astro-imaging-3-c.asp
camera.altair.gpcam3_224c,manufacturer.altair,sensor.sony.imx224_color,,,GPCAM3 224C,0,,,,0,0,,,,,,,,Colour guide and EAA camera on the IMX224.,https://altairastro.com/cameras---astro-imaging-3-c.asp
camera.altair.gpcam3_290c,manufacturer.altair,sensor.sony.imx290_color,,,GPCAM3 290C,0,,,,0,0,,,,,,,,Colour guide and EAA camera on the IMX290.,https://altairastro.com/cameras---astro-imaging-3-c.asp
camera.altair.gpcam3_715c,manufacturer.altair,sensor.sony.imx715_color,,,GPCAM3 715C,0,,,,0,0,,,,,,,,Colour camera on the 1.45um IMX715.,https://altairastro.com/cameras---astro-imaging-3-c.asp
